house_id,Services
7129300520,Floor Laminating
7129300520,Floor Laminating
6414100192,Painting
5631500400,Lawyer Service
5631500400,Lawyer Service
2487200875,Auto Gate
2487200875,Painting
1954400510,Interior Design
2487200875,Auto Gate
2487200875,Auto Gate
7237550310,Auto Gate
7237550310,Interior Design
7237550310,Interior Design
1321400060,Auto Gate
1321400060,Auto Gate
2008000270,Lawyer Service
2008000270,Lawyer Service
2008000270,Auto Gate
2768000400,Floor Laminating
2487200875,Floor Laminating
2426039314,Floor Laminating
8079040320,Auto Gate
1531000030,Interior Design
7589200193,Laywer Service
1736800520,Auto Gate
7518505990,Auto Gate
2078500320,Painting
3626039271,Interior Design
6414100192,Floor Laminating
6414100192,Interior Design
1189001180,Interior Design
4217401195,Interior Design
9478500640,Interior Design
1523059105,Auto Gate
7895500070,Laywer Service
2426039314,Interior Design
6021501535,Laywer Service
1049000060,Laywer Service
9558200045,Auto Gate
114101516,Laywer Service
1516000055,Auto Gate
9547205180,Floor Laminating
6300500875,Laywer Service
1432701230,Laywer Service
1954400510,Painting
7518505990,Auto Gate
7203220400,Laywer Service
6300000287,Auto Gate
1736800520,Laywer Service
5547700270,Floor Laminating
2799800710,Floor Laminating
5631500400,Laywer Service
5072410070,Interior Design
7983200060,Laywer Service
1525059190,Auto Gate
7895500070,Auto Gate
2391600320,Floor Laminating
4217401195,Laywer Service
3394100030,Laywer Service
1432701230,Auto Gate
1274500060,Painting
8945200830,Painting
7518505990,Auto Gate
8820901275,Painting
4232902595,Laywer Service
5547700270,Painting
3626039271,Painting
3303700376,Floor Laminating
1202000200,Auto Gate
4232902595,Auto Gate
7518505990,Interior Design
3626039271,Laywer Service
5036300431,Auto Gate
4036801170,Floor Laminating
7983200060,Auto Gate
2414600126,Floor Laminating
2487200875,Floor Laminating
2414600126,Laywer Service
3814700200,Painting
5036300431,Painting
114101516,Painting
3394100030,Painting
1523059105,Painting
3717000160,Floor Laminating
8562750320,Interior Design
1189001180,Laywer Service
7129300520,Interior Design
2524049179,Laywer Service
3717000160,Laywer Service
8562750320,Interior Design
5072410070,Painting
2078500320,Painting
6414100192,Interior Design
3626039271,Floor Laminating
9215400105,Floor Laminating
7766200013,Laywer Service
9822700295,Floor Laminating
4178300310,Floor Laminating
8945200830,Painting
8035350320,Floor Laminating
1802000060,Auto Gate
9558200045,Auto Gate
1523059105,Interior Design
9478500640,Painting
722079104,Interior Design
3303700376,Auto Gate
8562750320,Floor Laminating
7203220400,Auto Gate
9528102996,Floor Laminating
7203220400,Laywer Service
3444100400,Laywer Service
7137970340,Painting
7518505990,Laywer Service
1483300570,Auto Gate
822039084,Laywer Service
9212900260,Laywer Service
3717000160,Painting
2524049179,Painting
4217401195,Floor Laminating
1274500060,Laywer Service
7518505990,Interior Design
114101516,Interior Design
1531000030,Auto Gate
1274500060,Auto Gate
1202000200,Laywer Service
2414600126,Laywer Service
1099611230,Auto Gate
2799800710,Interior Design
4036801170,Painting
3869900162,Laywer Service
1432701230,Auto Gate
722079104,Auto Gate
5416510140,Painting
1202000200,Laywer Service
4217401195,Floor Laminating
9418400240,Auto Gate
6021501535,Painting
1202000200,Laywer Service
3303700376,Painting
2487200875,Floor Laminating
7203220400,Interior Design
7983200060,Painting
6414100192,Floor Laminating
5547700270,Laywer Service
5547700270,Auto Gate
7895500070,Floor Laminating
7589200193,Laywer Service
5547700270,Interior Design
5245600105,Laywer Service
6414100192,Floor Laminating
3253500160,Floor Laminating
5416510140,Laywer Service
3342103156,Auto Gate
9547205180,Floor Laminating
3342103156,Interior Design
5245600105,Floor Laminating
1133000671,Interior Design
9215400105,Interior Design
2414600126,Auto Gate
7137970340,Painting
1516000055,Painting
1332700270,Floor Laminating
9547205180,Auto Gate
7518505990,Painting
1332700270,Auto Gate
1802000060,Interior Design
9478500640,Laywer Service
3814700200,Painting
6300500875,Laywer Service
1523059105,Floor Laminating
6054650070,Laywer Service
9215400105,Laywer Service
7231300125,Floor Laminating
722079104,Floor Laminating
5631500400,Auto Gate
6021501535,Painting
7922800400,Floor Laminating
1873100390,Auto Gate
5072410070,Painting
6054650070,Painting
5547700270,Interior Design
1531000030,Interior Design
1531000030,Auto Gate
1189001180,Floor Laminating
1049000060,Interior Design
3444100400,Floor Laminating
2391600320,Auto Gate
6054650070,Painting
9215400105,Painting
7922800400,Painting
1483300570,Painting
4036801170,Auto Gate
3394100030,Interior Design
4232902595,Interior Design
8945200830,Laywer Service
1531000030,Floor Laminating
1189001180,Auto Gate
722079104,Painting
114101516,Painting
5104520400,Painting
